{
    "name": "root",
    "metadata": {
        "timer_format_version": "0.1.0",
        "start_time_seconds": "1686756305",
        "python_version": "3.9.13 (main, Aug 25 2022, 23:51:50) [MSC v.1916 64 bit (AMD64)]",
        "command_line_arguments": "C:\\Users\\bilal\\anaconda3\\Scripts\\mlagents-learn config\\CarAgentTraining.yml --run-id=Kartagent --force",
        "mlagents_version": "0.30.0",
        "mlagents_envs_version": "0.30.0",
        "communication_protocol_version": "1.5.0",
        "pytorch_version": "1.7.1+cu110",
        "numpy_version": "1.21.2",
        "end_time_seconds": "1686756673"
    },
    "total": 368.3182061,
    "count": 1,
    "self": 0.007870500000024094,
    "children": {
        "run_training.setup": {
            "total": 0.14709890000000003,
            "count": 1,
            "self": 0.14709890000000003
        },
        "TrainerController.start_learning": {
            "total": 368.16323669999997,
            "count": 1,
            "self": 0.2969255000003841,
            "children": {
                "TrainerController._reset_env": {
                    "total": 12.179087500000001,
                    "count": 1,
                    "self": 10.548639900000001,
                    "children": {
                        "demo_to_buffer": {
                            "total": 1.6304476,
                            "count": 1,
                            "self": 0.0001268999999997078,
                            "children": {
                                "load_demonstration": {
                                    "total": 0.033229900000000256,
                                    "count": 1,
                                    "self": 0.030958099999999433,
                                    "children": {
                                        "read_file": {
                                            "total": 0.002271800000000823,
                                            "count": 1,
                                            "self": 0.002271800000000823
                                        }
                                    }
                                },
                                "make_demo_buffer": {
                                    "total": 1.5970908000000001,
                                    "count": 1,
                                    "self": 0.22226489999987642,
                                    "children": {
                                        "steps_from_proto": {
                                            "total": 1.3748259000001237,
                                            "count": 7968,
                                            "self": 0.5842024999999129,
                                            "children": {
                                                "_process_rank_one_or_two_observation": {
                                                    "total": 0.7906234000002108,
                                                    "count": 47808,
                                                    "self": 0.7906234000002108
                                                }
                                            }
                                        }
                                    }
                                }
                            }
                        }
                    }
                },
                "TrainerController.advance": {
                    "total": 355.4937212999996,
                    "count": 9766,
                    "self": 0.1337797000009573,
                    "children": {
                        "env_step": {
                            "total": 355.35994159999865,
                            "count": 9766,
                            "self": 316.2112040999957,
                            "children": {
                                "SubprocessEnvManager._take_step": {
                                    "total": 38.99886060000064,
                                    "count": 9766,
                                    "self": 0.9475766000000831,
                                    "children": {
                                        "TorchPolicy.evaluate": {
                                            "total": 38.05128400000056,
                                            "count": 8891,
                                            "self": 38.05128400000056
                                        }
                                    }
                                },
                                "workers": {
                                    "total": 0.14987690000232234,
                                    "count": 9765,
                                    "self": 0.0,
                                    "children": {
                                        "worker_root": {
                                            "total": 295.41677469999917,
                                            "count": 9765,
                                            "is_parallel": true,
                                            "self": 107.88313189999923,
                                            "children": {
                                                "steps_from_proto": {
                                                    "total": 0.0005672000000007671,
                                                    "count": 1,
                                                    "is_parallel": true,
                                                    "self": 0.00013579999999890902,
                                                    "children": {
                                                        "_process_rank_one_or_two_observation": {
                                                            "total": 0.0004314000000018581,
                                                            "count": 6,
                                                            "is_parallel": true,
                                                            "self": 0.0004314000000018581
                                                        }
                                                    }
                                                },
                                                "UnityEnvironment.step": {
                                                    "total": 187.53307559999993,
                                                    "count": 9765,
                                                    "is_parallel": true,
                                                    "self": 1.6889213999999413,
                                                    "children": {
                                                        "UnityEnvironment._generate_step_input": {
                                                            "total": 1.607109299999827,
                                                            "count": 9765,
                                                            "is_parallel": true,
                                                            "self": 1.607109299999827
                                                        },
                                                        "communicator.exchange": {
                                                            "total": 180.05598439999983,
                                                            "count": 9765,
                                                            "is_parallel": true,
                                                            "self": 180.05598439999983
                                                        },
                                                        "steps_from_proto": {
                                                            "total": 4.181060500000346,
                                                            "count": 9765,
                                                            "is_parallel": true,